City_ID,City,Country,Date,Lat,Lng,Max Temp,Humidity,Cloudiness,Wind Speed
0,Mataura,NZ,2021-01-26 00:12:59,-46.1927,168.8643,80.01,47,97,21.99
1,Cape Town,ZA,2021-01-26 00:12:04,-33.9258,18.4232,68.0,88,0,17.27
2,Yellowknife,CA,2021-01-26 00:12:59,62.456,-114.3525,-20.0,69,75,9.22
3,Saint-Philippe,RE,2021-01-26 00:12:59,-21.3585,55.7679,77.0,73,0,6.91
4,Khatanga,RU,2021-01-26 00:12:59,71.9667,102.5,-18.96,87,100,8.99
5,Grindavik,IS,2021-01-26 00:12:59,63.8424,-22.4338,28.4,54,75,28.77
6,Coihaique,CL,2021-01-26 00:12:59,-45.5752,-72.0662,50.0,53,75,9.22
7,Bani Walid,LY,2021-01-26 00:13:00,31.7566,13.9942,58.78,41,60,10.6
8,Saskylakh,RU,2021-01-26 00:13:00,71.9167,114.0833,-33.41,82,20,4.38
9,Concepcion Del Uruguay,AR,2021-01-26 00:13:00,-32.4825,-58.2372,87.01,41,0,1.99
10,Yuzhnouralsk,RU,2021-01-26 00:13:00,54.4418,61.2536,22.35,96,11,8.55
11,Komsomolskiy,UZ,2021-01-26 00:13:00,40.4272,71.7189,26.6,68,30,4.61
12,Albany,US,2021-01-26 00:11:49,42.6001,-73.9662,26.01,60,59,1.63
13,Bredasdorp,ZA,2021-01-26 00:11:51,-34.5322,20.0403,60.8,94,2,4.61
14,Mar Del Plata,AR,2021-01-26 00:13:00,-38.0023,-57.5575,80.01,78,20,11.5
15,Tiksi,RU,2021-01-26 00:13:01,71.6872,128.8694,-40.38,80,96,6.73
16,Hithadhoo,MV,2021-01-26 00:11:55,-0.6,73.0833,81.32,73,99,5.35
17,Hasaki,JP,2021-01-26 00:13:01,35.7333,140.8333,41.0,93,20,8.05
18,Lethem,GY,2021-01-26 00:13:01,3.3803,-59.7968,80.96,57,95,9.6
19,Busselton,AU,2021-01-26 00:13:01,-33.65,115.3333,68.0,70,47,3.0
20,Skara,SE,2021-01-26 00:13:01,58.3866,13.4384,28.99,80,90,6.91
21,Sheltozero,RU,2021-01-26 00:13:01,61.3667,35.3667,34.11,97,100,6.04
22,Pisco,PE,2021-01-26 00:13:02,-13.7,-76.2167,71.6,73,0,21.85
23,Chuy,UY,2021-01-26 00:12:08,-33.6971,-53.4616,74.01,85,3,10.38
24,Hualmay,PE,2021-01-26 00:13:02,-11.0964,-77.6139,72.52,74,93,7.36
25,Qaanaaq,GL,2021-01-26 00:11:53,77.484,-69.3632,6.48,63,0,7.25
26,Punta Arenas,CL,2021-01-26 00:11:46,-53.15,-70.9167,46.4,49,20,29.93
27,La Romana,DO,2021-01-26 00:13:02,18.4273,-68.9728,73.4,88,20,11.5
28,Slave Lake,CA,2021-01-26 00:13:02,55.2834,-114.769,-0.4,71,75,13.8
29,Hilo,US,2021-01-26 00:13:03,19.7297,-155.09,77.0,73,90,9.22
30,Kudahuvadhoo,MV,2021-01-26 00:13:03,2.6708,72.8944,81.14,79,100,15.21
31,Byron Bay,AU,2021-01-26 00:13:03,-28.65,153.6167,81.0,61,40,9.22
32,Norman Wells,CA,2021-01-26 00:13:03,65.282,-126.8329,-11.2,77,75,4.61
33,Avarua,CK,2021-01-26 00:13:03,-21.2078,-159.775,86.0,70,40,14.97
34,Rikitea,PF,2021-01-26 00:10:10,-23.1203,-134.9692,79.83,71,1,14.05
35,Ushuaia,AR,2021-01-26 00:11:47,-54.8,-68.3,50.0,53,40,20.71
36,Ponta Do Sol,PT,2021-01-26 00:13:04,32.6667,-17.1,59.0,79,25,1.99
37,Puri,IN,2021-01-26 00:13:04,19.8,85.85,73.4,94,90,2.3
38,Rocha,UY,2021-01-26 00:13:04,-34.4833,-54.3333,72.52,85,6,7.16
39,Pochutla,MX,2021-01-26 00:13:04,15.7432,-96.4661,86.0,48,40,11.5
40,Lavrentiya,RU,2021-01-26 00:13:04,65.5833,-171.0,-0.99,86,80,5.1
41,Dikson,RU,2021-01-26 00:13:04,73.5069,80.5464,-24.52,85,100,13.65
42,Yatou,CN,2021-01-26 00:13:04,37.15,122.3833,39.99,92,100,10.18
43,Goderich,CA,2021-01-26 00:12:31,43.7501,-81.7165,30.2,80,98,4.61
44,Bluff,NZ,2021-01-26 00:11:49,-46.6,168.3333,80.01,47,100,21.99
45,Morehead,US,2021-01-26 00:13:05,37.2711,-87.1764,48.2,93,90,3.44
46,Butaritari,KI,2021-01-26 00:11:48,3.0707,172.7902,79.57,77,95,6.51
47,Palmer,US,2021-01-26 00:13:05,42.1584,-72.3287,28.0,56,52,3.0
48,Nikolskoye,RU,2021-01-26 00:13:05,59.7035,30.7861,37.0,93,90,6.71
49,Saint-Augustin,CA,2021-01-26 00:13:05,51.226,-58.6502,32.63,93,98,14.85
50,Sokoni,TZ,2021-01-26 00:13:05,-6.4333,39.55,80.06,80,48,9.06
51,Maniitsoq,GL,2021-01-26 00:13:06,65.4167,-52.9,12.22,79,2,5.82
52,Husavik,IS,2021-01-26 00:11:55,66.0449,-17.3389,23.0,86,90,3.44
53,Yumen,CN,2021-01-26 00:13:06,40.2833,97.2,13.96,83,4,1.86
54,Naqadeh,IR,2021-01-26 00:13:06,36.9553,45.388,27.37,85,85,0.34
55,Faya,SA,2021-01-26 00:13:06,18.3851,42.4509,55.4,62,0,4.61
56,Sitio Novo Do Tocantins,BR,2021-01-26 00:13:07,-5.5183,-47.4611,75.65,88,49,2.46
57,Jamestown,US,2021-01-26 00:11:47,42.097,-79.2353,30.2,64,1,9.22
58,Sur,OM,2021-01-26 00:13:07,22.5667,59.5289,64.24,67,0,3.71
59,Rehoboth,NA,2021-01-26 00:13:07,-23.3167,17.0833,74.82,53,95,6.78
60,Tuktoyaktuk,CA,2021-01-26 00:11:49,69.4541,-133.0374,-4.0,84,90,9.22
61,Puerto Ayora,EC,2021-01-26 00:13:07,-0.7393,-90.3518,77.0,92,70,7.0
62,Snizhne,UA,2021-01-26 00:13:07,48.0261,38.7723,31.69,94,100,14.36
63,Okhotsk,RU,2021-01-26 00:12:42,59.3833,143.3,-22.41,76,0,15.23
64,Lebu,CL,2021-01-26 00:13:08,-37.6167,-73.65,57.96,84,0,14.47
65,Archidona,ES,2021-01-26 00:13:08,37.0965,-4.3887,63.0,85,98,11.99
66,Labytnangi,RU,2021-01-26 00:13:08,66.6572,66.4183,-18.99,87,100,0.89
67,Korla,CN,2021-01-26 00:13:08,41.7597,86.1469,17.51,85,1,0.34
68,Wegrow,PL,2021-01-26 00:13:08,52.3995,22.0163,34.0,92,100,16.8
69,Rincon,US,2021-01-26 00:11:54,32.296,-81.2354,69.8,78,75,10.36
70,Saint George,US,2021-01-26 00:13:08,37.1041,-113.5841,36.0,93,90,5.75
71,Kodiak,US,2021-01-26 00:13:09,57.79,-152.4072,39.2,65,90,9.22
72,Kefamenanu,ID,2021-01-26 00:13:09,-9.4467,124.4781,74.77,85,100,2.04
73,Constitucion,CL,2021-01-26 00:12:37,-35.3333,-72.4167,60.08,61,0,16.8
74,Buala,SB,2021-01-26 00:13:09,-8.145,159.5921,86.16,61,92,8.79
75,Ilulissat,GL,2021-01-26 00:13:09,69.2167,-51.1,6.8,56,0,10.36
76,Tyrma,RU,2021-01-26 00:13:09,50.0833,132.1667,2.62,92,100,8.59
77,Thompson,CA,2021-01-26 00:11:53,55.7435,-97.8558,-9.4,77,75,3.44
78,Vaini,TO,2021-01-26 00:13:10,-21.2,-175.2,84.2,79,75,11.5
79,Talnakh,RU,2021-01-26 00:13:10,69.4865,88.3972,-30.35,82,100,9.73
80,Panaba,MX,2021-01-26 00:13:10,21.2833,-88.2667,76.95,77,99,11.21
81,Khani,GE,2021-01-26 00:13:10,41.9563,42.9566,50.0,32,0,10.36
82,Deder,ET,2021-01-26 00:13:10,9.3167,41.45,51.75,46,0,5.32
83,Upernavik,GL,2021-01-26 00:13:10,72.7868,-56.1549,4.91,80,0,4.83
84,Shelburne,CA,2021-01-26 00:13:11,44.0787,-80.2041,30.2,74,90,2.3
85,Eyl,SO,2021-01-26 00:13:11,7.9803,49.8164,71.11,72,13,15.99
86,Quatre Cocos,MU,2021-01-26 00:13:11,-20.2078,57.7625,75.0,94,20,5.75
87,Aklavik,CA,2021-01-26 00:13:11,68.2191,-135.0107,-7.6,77,90,3.44
88,Cayenne,GF,2021-01-26 00:12:37,4.9333,-52.3333,77.0,100,75,3.44
89,Bjelovar,HR,2021-01-26 00:13:11,45.8986,16.8489,33.01,93,0,3.44
90,Kununurra,AU,2021-01-26 00:12:32,-15.7667,128.7333,77.0,100,98,6.91
91,Bekovo,RU,2021-01-26 00:13:12,52.4663,43.712,33.44,93,100,12.93
92,Cermik,TR,2021-01-26 00:13:12,38.1361,39.4493,23.0,93,98,5.75
93,Sitka,US,2021-01-26 00:11:42,57.0531,-135.33,37.4,70,40,2.44
94,Barroquinha,BR,2021-01-26 00:13:12,-3.0189,-41.1361,78.06,83,100,5.97
95,Boa Vista,BR,2021-01-26 00:13:12,2.8197,-60.6733,84.2,48,0,8.05
96,Biasca,CH,2021-01-26 00:13:12,46.3597,8.9697,30.2,74,10,3.44
97,Edson,CA,2021-01-26 00:12:06,53.5835,-116.4356,1.4,85,90,9.22
98,New Norfolk,AU,2021-01-26 00:13:13,-42.7826,147.0587,66.0,53,42,5.01
99,Callaway,US,2021-01-26 00:13:13,30.153,-85.5699,68.0,88,1,16.11
100,Puqi,CN,2021-01-26 00:13:13,29.7167,113.8833,39.97,82,1,2.17
101,Sayyan,YE,2021-01-26 00:13:13,15.1718,44.3244,42.78,52,61,2.84
102,Georgetown,MY,2021-01-26 00:13:13,5.4112,100.3354,78.8,88,20,5.95
103,Vyshhorod,UA,2021-01-26 00:13:14,50.5848,30.4898,43.0,100,100,15.66
104,Iqaluit,CA,2021-01-26 00:13:14,63.7506,-68.5145,1.4,78,1,11.5
105,Ulladulla,AU,2021-01-26 00:13:14,-35.35,150.4667,93.0,27,42,14.97
106,Victoria,HK,2021-01-26 00:11:16,22.2855,114.1577,64.99,79,7,9.71
107,Nesna,NO,2021-01-26 00:13:14,66.1967,13.0213,27.59,94,93,12.73
108,Necochea,AR,2021-01-26 00:13:15,-38.5473,-58.7368,66.99,72,10,18.32
109,Mahon,ES,2021-01-26 00:13:15,39.8885,4.2658,50.0,71,20,21.85
110,Olafsvik,IS,2021-01-26 00:13:15,64.8945,-23.7142,27.52,91,100,30.67
111,Uthal,PK,2021-01-26 00:13:15,25.8072,66.6219,49.57,45,0,1.72
112,Fairbanks,US,2021-01-26 00:08:20,64.8378,-147.7164,3.99,85,40,1.97
113,Angoche,MZ,2021-01-26 00:13:16,-16.2325,39.9086,77.4,87,72,5.57
114,Atuona,PF,2021-01-26 00:11:55,-9.8,-139.0333,78.84,76,19,19.01
115,Celestun,MX,2021-01-26 00:13:16,20.8667,-90.4,79.29,71,60,3.67
116,Jalu,LY,2021-01-26 00:13:16,29.0331,21.5482,52.84,42,70,2.59
117,Vaijapur,IN,2021-01-26 00:13:17,19.9167,74.7333,65.66,33,6,6.46
118,Seara,PT,2021-01-26 00:13:17,41.1818,-7.8003,55.99,9,100,1.99
119,Hermanus,ZA,2021-01-26 00:13:17,-34.4187,19.2345,57.99,90,0,6.73
120,Canton,CN,2021-01-26 00:10:32,23.1167,113.25,70.0,72,40,8.95
121,Paraisopolis,BR,2021-01-26 00:13:17,-22.5542,-45.78,78.8,73,75,4.61
122,Souillac,MU,2021-01-26 00:11:58,-20.5167,57.5167,71.6,94,20,5.75
123,Klaksvik,FO,2021-01-26 00:11:48,62.2266,-6.589,28.4,80,20,4.61
124,Pacific Grove,US,2021-01-26 00:13:18,36.6177,-121.9166,51.8,58,75,21.85
125,Salalah,OM,2021-01-26 00:13:18,17.0151,54.0924,71.6,35,0,9.22
126,Longyearbyen,SJ,2021-01-26 00:11:47,78.2186,15.6401,12.2,62,0,19.57
127,Sao Joao Da Barra,BR,2021-01-26 00:13:18,-21.6403,-41.0511,76.8,86,4,14.0
128,Carnarvon,AU,2021-01-26 00:13:18,-24.8667,113.6333,75.2,60,12,19.57
129,Samoded,RU,2021-01-26 00:13:18,63.6083,40.5111,34.57,95,100,6.96
130,Sorong,ID,2021-01-26 00:13:18,-0.8833,131.25,82.35,75,100,2.71
131,Mancio Lima,BR,2021-01-26 00:13:19,-7.6142,-72.8958,75.27,95,84,2.04
132,Praya,CV,2021-01-26 00:13:19,14.9215,-23.5087,69.8,73,0,8.05
133,Micheweni,TZ,2021-01-26 00:13:19,-4.9667,39.8333,78.73,81,50,7.67
134,Moron,AR,2021-01-26 00:13:19,-34.6534,-58.6198,89.01,41,0,3.0
135,Dingle,PH,2021-01-26 00:13:19,10.9995,122.6711,75.4,84,87,9.64
136,Alofi,NU,2021-01-26 00:13:19,-19.0595,-169.9187,82.4,73,90,10.36
137,Narsaq,GL,2021-01-26 00:13:19,60.9167,-46.05,24.8,28,38,29.93
138,Bintulu,MY,2021-01-26 00:13:19,3.1667,113.0333,75.2,94,40,2.3
139,Plettenberg Bay,ZA,2021-01-26 00:13:20,-34.0527,23.3716,68.05,76,0,2.35
140,Hobart,AU,2021-01-26 00:11:37,-42.8794,147.3294,70.0,45,75,16.11
141,Tasiilaq,GL,2021-01-26 00:13:20,65.6145,-37.6368,8.6,56,98,16.11
142,Bambous Virieux,MU,2021-01-26 00:13:20,-20.3428,57.7575,75.0,94,20,5.75
143,Gat,IL,2021-01-26 00:12:06,31.61,34.7642,51.01,84,0,3.42
144,Panguna,PG,2021-01-26 00:13:20,-6.3164,155.4848,83.8,53,64,2.26
145,Brae,GB,2021-01-26 00:13:20,60.3964,-1.353,35.6,69,51,9.22
146,Vardo,NO,2021-01-26 00:13:21,70.3705,31.1107,28.4,80,75,10.36
147,College,US,2021-01-26 00:12:40,64.8569,-147.8028,3.99,77,40,6.91
148,Trairi,BR,2021-01-26 00:13:21,-3.2778,-39.2689,79.29,82,97,9.1
149,Bartica,GY,2021-01-26 00:13:21,6.4,-58.6167,78.8,89,40,9.22
150,Cockburn Town,TC,2021-01-26 00:13:21,21.4612,-71.1419,77.0,73,40,16.11
151,Ciudad Valles,MX,2021-01-26 00:13:21,21.9833,-99.0167,81.1,64,0,5.91
152,Makakilo City,US,2021-01-26 00:11:24,21.3469,-158.0858,73.4,88,90,8.05
153,Ho Chi Minh City,VN,2021-01-26 00:13:22,10.75,106.6667,77.0,88,40,3.44
154,Port Hardy,CA,2021-01-26 00:13:22,50.6996,-127.4199,39.2,75,75,6.91
155,Ust-Maya,RU,2021-01-26 00:13:17,60.4167,134.5333,-52.2,76,54,2.17
156,Mehamn,NO,2021-01-26 00:12:06,71.0357,27.8492,28.54,97,100,27.49
157,Formosa,AR,2021-01-26 00:13:22,-26.1775,-58.1781,77.0,94,90,11.5
158,Kapaa,US,2021-01-26 00:13:22,22.0752,-159.319,75.99,88,75,19.57
159,Balaguer,ES,2021-01-26 00:13:22,41.7912,0.8109,43.0,93,0,6.91
160,Rawlins,US,2021-01-26 00:13:23,41.7911,-107.2387,12.99,72,20,4.61
161,Vao,NC,2021-01-26 00:11:57,-22.6667,167.4833,76.57,76,68,20.76
162,Gabu,GW,2021-01-26 00:13:23,12.2833,-14.2167,69.55,48,0,4.9
163,Sao Filipe,CV,2021-01-26 00:13:23,14.8961,-24.4956,72.9,67,51,4.5
164,Mahebourg,MU,2021-01-26 00:13:23,-20.4081,57.7,71.6,94,20,5.75
165,Galveston,US,2021-01-26 00:13:23,29.3669,-94.9669,72.0,88,90,9.22
166,Torbay,CA,2021-01-26 00:13:24,47.6666,-52.7314,28.99,93,90,8.05
167,Caravelas,BR,2021-01-26 00:13:24,-17.7125,-39.2481,75.94,82,85,3.18
168,Ahipara,NZ,2021-01-26 00:12:31,-35.1667,173.1667,74.1,62,50,7.78
169,Coquimbo,CL,2021-01-26 00:13:24,-29.9533,-71.3436,62.6,82,40,8.05
170,Severo-Kurilsk,RU,2021-01-26 00:13:24,50.6789,156.125,20.73,93,92,21.23
171,Dicabisagan,PH,2021-01-26 00:13:24,17.0818,122.4157,75.58,89,100,6.64
172,Port Alfred,ZA,2021-01-26 00:13:24,-33.5906,26.891,63.0,93,2,5.01
173,Lompoc,US,2021-01-26 00:13:25,34.6391,-120.4579,51.8,58,20,31.07
174,Beringovskiy,RU,2021-01-26 00:13:25,63.05,179.3167,-2.07,91,100,17.02
175,Tecoanapa,MX,2021-01-26 00:12:01,16.5167,-98.75,80.35,74,7,8.59
176,Cherskiy,RU,2021-01-26 00:12:16,68.75,161.3,-36.65,82,61,2.21
177,Baruun-Urt,MN,2021-01-26 00:13:25,46.6806,113.2792,-8.9,83,1,12.21
178,Port Elizabeth,ZA,2021-01-26 00:13:25,-33.918,25.5701,64.4,94,0,1.14
179,Faanui,PF,2021-01-26 00:13:25,-16.4833,-151.75,81.14,76,46,17.9
180,Airai,TL,2021-01-26 00:13:25,-8.9266,125.4092,65.59,99,98,3.22
181,Sambava,MG,2021-01-26 00:12:00,-14.2667,50.1667,77.05,87,87,2.51
182,Qinggang,CN,2021-01-26 00:13:26,46.6833,126.0833,-2.74,93,37,7.11
183,Lafiagi,NG,2021-01-26 00:13:26,8.8667,5.4167,80.73,18,45,4.12
184,Aktash,RU,2021-01-26 00:13:26,50.3,87.7333,-15.3,89,100,3.06
185,Candolim,IN,2021-01-26 00:13:26,15.5181,73.7626,73.26,65,5,4.52
186,East London,ZA,2021-01-26 00:13:26,-33.0153,27.9116,70.54,76,37,20.0
187,Benguela,AO,2021-01-26 00:13:26,-12.5763,13.4055,77.7,72,61,3.71
188,Kipini,KE,2021-01-26 00:13:27,-2.5257,40.5262,76.42,86,87,9.53
189,Matucana,PE,2021-01-26 00:13:27,-11.85,-76.4,59.5,60,99,2.51
190,Broome,US,2021-01-26 00:12:07,42.2506,-75.833,25.0,58,1,2.75
191,Los Llanos De Aridane,ES,2021-01-26 00:12:07,28.6585,-17.9182,66.2,68,90,9.22
192,La Ronge,CA,2021-01-26 00:13:27,55.1001,-105.2842,-16.6,69,46,1.14
193,Lazaro Cardenas,MX,2021-01-26 00:13:27,17.9583,-102.2,77.74,77,9,9.33
194,Nioro,GM,2021-01-26 00:13:27,13.35,-15.75,69.28,24,0,3.65
195,Yaan,NG,2021-01-26 00:13:27,7.3833,8.5667,75.7,19,1,0.11
196,Bambanglipuro,ID,2021-01-26 00:13:28,-7.95,110.2833,79.07,79,91,3.65
197,Uruzgan,AF,2021-01-26 00:13:28,32.8333,66.0,31.37,78,0,3.2
198,Roald,NO,2021-01-26 00:13:28,62.5833,6.1333,33.8,93,90,6.91
199,Belaya Gora,RU,2021-01-26 00:13:28,68.5333,146.4167,-39.96,77,34,2.64
200,Yulara,AU,2021-01-26 00:13:28,-25.2406,130.9889,87.8,48,75,1.14
201,Kuryk,KZ,2021-01-26 00:13:28,43.2,51.65,36.19,80,69,23.69
202,Laguna,US,2021-01-26 00:13:29,38.421,-121.4238,53.6,30,1,9.22
203,Falun,SE,2021-01-26 00:13:29,60.6036,15.626,19.0,93,40,9.22
204,Kaura Namoda,NG,2021-01-26 00:13:29,12.5898,6.5779,68.29,22,100,10.16
205,Ketchikan,US,2021-01-26 00:13:29,55.3422,-131.6461,33.8,86,90,2.75
206,Hofn,IS,2021-01-26 00:13:29,64.2539,-15.2082,23.76,89,67,17.54
207,Litovko,RU,2021-01-26 00:13:29,49.2361,135.1742,-2.2,85,100,8.77
208,Verkhoyansk,RU,2021-01-26 00:09:00,67.5447,133.385,-42.65,78,94,1.63
209,Monrovia,LR,2021-01-26 00:13:30,6.3005,-10.7969,75.2,94,20,7.11
210,Duncan,US,2021-01-26 00:13:30,34.5023,-97.9578,57.2,44,1,10.36
211,Chokurdakh,RU,2021-01-26 00:11:57,70.6333,147.9167,-40.72,78,91,4.83
212,Ribeira Grande,PT,2021-01-26 00:13:30,38.5167,-28.7,62.13,89,100,20.71
213,Leningradskiy,RU,2021-01-26 00:13:30,69.3833,178.4167,-14.98,87,100,18.12
214,Petropavlovsk-Kamchatskiy,RU,2021-01-26 00:13:30,53.0452,158.6483,3.2,60,20,2.24
215,Riyadh,SA,2021-01-26 00:13:31,24.6877,46.7219,51.8,22,0,8.05
216,Bonavista,CA,2021-01-26 00:13:31,48.6499,-53.1147,30.0,93,100,4.61
217,Tessalit,ML,2021-01-26 00:13:31,20.1986,1.0114,63.21,21,41,9.73
218,Obera,AR,2021-01-26 00:09:26,-27.4871,-55.1199,70.61,100,46,3.38
219,Anadyr,RU,2021-01-26 00:13:31,64.75,177.4833,-13.0,84,75,6.71
220,Kailua,US,2021-01-26 00:12:01,21.4022,-157.7394,77.0,69,90,12.66
221,Asuncion Ixtaltepec,MX,2021-01-26 00:13:31,16.5,-95.05,82.04,58,0,8.86
222,Meulaboh,ID,2021-01-26 00:13:29,4.1363,96.1285,75.67,85,90,4.23
223,Roma,US,2021-01-26 00:13:32,43.2128,-75.4557,21.99,79,1,1.5
224,Klaeng,TH,2021-01-26 00:13:32,12.7797,101.6483,78.01,96,0,1.61
225,Rundu,NA,2021-01-26 00:13:32,-17.9333,19.7667,67.93,85,16,2.53
226,Vestmannaeyjar,IS,2021-01-26 00:13:32,63.4427,-20.2734,33.91,87,100,36.57
227,Sandwick,GB,2021-01-26 00:13:32,60.0,-1.25,35.6,69,49,9.22
228,Baykit,RU,2021-01-26 00:13:32,61.67,96.37,-40.34,74,26,1.23
229,Shenzhen,CN,2021-01-26 00:13:19,22.5455,114.0683,66.0,95,1,3.91
230,Bindura,ZW,2021-01-26 00:13:33,-17.3019,31.3306,63.0,90,100,5.01
231,Prince Rupert,CA,2021-01-26 00:11:04,54.3161,-130.3201,37.4,80,40,2.3
232,Padang,ID,2021-01-26 00:13:33,-0.9492,100.3543,75.2,94,40,1.14
233,Poltavka,RU,2021-01-26 00:13:33,54.3663,71.7632,1.2,94,97,5.99
234,Te Anau,NZ,2021-01-26 00:13:33,-45.4167,167.7167,68.74,62,99,10.89
235,Barrow,US,2021-01-26 00:13:33,71.2906,-156.7887,-5.8,84,1,12.66
236,Nuuk,GL,2021-01-26 00:13:33,64.1835,-51.7216,19.0,62,20,5.75
237,Andros Town,BS,2021-01-26 00:13:34,24.7,-77.7667,73.4,83,75,12.66
238,Port Lincoln,AU,2021-01-26 00:13:34,-34.7333,135.8667,62.56,67,95,11.16
239,Waipawa,NZ,2021-01-26 00:12:56,-41.4122,175.5153,73.4,64,1,23.02
240,Portmore,JM,2021-01-26 00:13:34,17.9702,-76.8672,82.4,61,40,27.63
241,Bahia Blanca,AR,2021-01-26 00:13:34,-38.7196,-62.2724,69.73,53,32,15.68
242,Kutum,SD,2021-01-26 00:12:25,14.2,24.6667,56.61,30,74,7.34
243,Little Current,CA,2021-01-26 00:13:34,45.9793,-81.9248,24.8,68,40,4.61
244,Turukhansk,RU,2021-01-26 00:13:34,65.8167,87.9833,-41.84,78,53,6.51
245,Tilichiki,RU,2021-01-26 00:12:09,60.4667,166.1,2.41,91,100,10.96
246,Clyde River,CA,2021-01-26 00:13:35,70.4692,-68.5914,6.8,92,1,31.07
247,Santa Cruz,BO,2021-01-26 00:11:20,-17.8,-63.1667,77.0,88,75,14.97
248,Uray,RU,2021-01-26 00:13:35,60.1247,64.7758,5.54,95,99,4.79
249,Koudougou,BF,2021-01-26 00:13:35,12.25,-2.3667,72.81,19,17,10.51
250,Vinstra,NO,2021-01-26 00:13:35,61.5952,9.7523,11.61,74,0,4.59
251,Le Port,RE,2021-01-26 00:13:35,-20.9373,55.2919,75.2,78,75,8.05
252,Soyo,AO,2021-01-26 00:13:36,-6.1349,12.3689,79.05,83,89,5.68
253,San Cristobal,VE,2021-01-26 00:13:36,7.7669,-72.225,77.0,73,40,4.61
254,Shibetsu,JP,2021-01-26 00:13:36,43.659,145.132,6.8,85,75,3.44
255,Castro,BR,2021-01-26 00:13:36,-24.7911,-50.0119,64.4,95,100,1.86
256,Ponta Delgada,PT,2021-01-26 00:13:36,37.7333,-25.6667,63.0,94,75,13.8
257,Amga,RU,2021-01-26 00:12:11,60.8953,131.9608,-53.59,70,64,1.74
258,Elliot Lake,CA,2021-01-26 00:13:36,46.3834,-82.6331,24.8,63,90,4.61
259,Tukrah,LY,2021-01-26 00:09:12,32.5341,20.5791,59.18,79,100,8.03
260,Havre-Saint-Pierre,CA,2021-01-26 00:12:22,50.2334,-63.5986,33.8,69,90,17.27
261,Batemans Bay,AU,2021-01-26 00:13:37,-35.7167,150.1833,84.99,67,58,1.01
262,Hami,CN,2021-01-26 00:13:37,42.8,93.45,15.44,80,68,2.35
263,Kavieng,PG,2021-01-26 00:13:37,-2.5744,150.7967,84.85,66,74,4.38
264,Tuatapere,NZ,2021-01-26 00:13:37,-46.1333,167.6833,80.01,47,100,21.99
265,Kungurtug,RU,2021-01-26 00:13:37,50.5994,97.5228,-15.12,81,95,1.61
266,Havre,FR,2021-01-26 00:13:37,49.5833,0.3333,41.0,81,90,9.22
267,Srednekolymsk,RU,2021-01-26 00:13:38,67.45,153.6833,-40.77,80,34,0.38
268,Amapa,BR,2021-01-26 00:13:38,1.0,-52.0,73.08,97,68,2.8
269,Manicore,BR,2021-01-26 00:13:38,-5.8092,-61.3003,74.53,94,83,1.7
270,San Patricio,US,2021-01-26 00:13:38,28.017,-97.5169,78.8,57,1,8.05
271,Hamilton,US,2021-01-26 00:12:13,39.1834,-84.5333,35.01,94,100,1.01
272,Pokhara,NP,2021-01-26 00:13:38,28.2333,83.9833,50.23,39,0,3.62
273,Moroni,KM,2021-01-26 00:13:38,-11.7022,43.2551,78.48,70,79,1.81
274,Samarai,PG,2021-01-26 00:12:23,-10.6167,150.6667,84.96,67,64,4.21
275,Inhambane,MZ,2021-01-26 00:13:39,-23.865,35.3833,79.21,89,100,7.94
276,Kaoma,ZM,2021-01-26 00:13:39,-14.7833,24.8,65.61,94,100,6.4
277,Kloulklubed,PW,2021-01-26 00:13:39,7.0419,134.2556,84.2,74,75,8.05
278,Peace River,CA,2021-01-26 00:09:29,56.2501,-117.286,1.4,71,90,9.22
279,Dunedin,NZ,2021-01-26 00:13:39,-45.8742,170.5036,73.99,62,100,4.0
280,Bubaque,GW,2021-01-26 00:12:04,11.2833,-15.8333,79.09,71,0,10.96
281,Ayagoz,KZ,2021-01-26 00:08:51,47.9714,80.4392,2.88,89,100,7.47
282,Fortuna,US,2021-01-26 00:13:40,40.5982,-124.1573,46.0,81,40,4.61
283,Nanortalik,GL,2021-01-26 00:13:40,60.1432,-45.2371,20.73,88,2,10.92
284,Kartaly,RU,2021-01-26 00:12:10,53.0522,60.6467,27.36,97,52,13.91
285,Kumbo,CM,2021-01-26 00:13:40,6.2,10.6667,59.83,33,23,3.51
286,Victor Harbor,AU,2021-01-26 00:13:40,-35.5667,138.6167,66.0,73,99,4.0
287,Nemuro,JP,2021-01-26 00:13:20,43.3236,145.575,6.8,85,75,3.44
288,Santarem,BR,2021-01-26 00:13:40,-2.4431,-54.7083,75.2,100,20,2.3
289,Keti Bandar,PK,2021-01-26 00:13:41,24.1447,67.4497,60.03,34,0,8.99
290,Deputatskiy,RU,2021-01-26 00:12:23,69.3,139.9,-41.98,83,71,1.72
291,Sioux Lookout,CA,2021-01-26 00:13:41,50.1001,-91.917,-7.6,77,20,3.44
292,Sao Luiz Gonzaga,BR,2021-01-26 00:13:41,-28.4083,-54.9608,73.31,91,41,7.34
293,Salinopolis,BR,2021-01-26 00:13:41,-0.6136,-47.3561,79.72,82,99,8.03
294,Oktyabrskiy,RU,2021-01-26 00:11:34,54.4815,53.471,25.39,97,100,9.8
295,Poum,NC,2021-01-26 00:13:42,-20.2333,164.0167,79.66,79,100,19.3
296,Aswan,EG,2021-01-26 00:13:42,24.0934,32.907,54.73,39,0,9.57
297,Jumla,NP,2021-01-26 00:13:42,29.2747,82.1838,34.3,41,0,6.17
298,Shingu,JP,2021-01-26 00:13:42,33.7333,135.9833,53.6,66,40,5.75
299,Ballina,AU,2021-01-26 00:11:00,-28.8667,153.5667,81.0,61,40,9.22
300,Bethel,US,2021-01-26 00:13:42,41.3712,-73.414,28.0,54,1,3.29
301,Sobolevo,RU,2021-01-26 00:13:42,54.4299,31.8996,35.96,95,100,17.27
302,Ust-Tsilma,RU,2021-01-26 00:13:43,65.441,52.1498,34.54,97,100,4.45
303,Anderson,US,2021-01-26 00:13:43,34.5334,-82.6499,51.01,93,90,3.04
304,Bida,NG,2021-01-26 00:13:43,9.0833,6.0167,79.0,18,52,5.19
305,Lagoa,PT,2021-01-26 00:12:04,39.05,-27.9833,61.54,88,100,18.66
306,Daru,PG,2021-01-26 00:13:43,-9.0763,143.2092,82.76,79,78,8.25
307,Barra Dos Coqueiros,BR,2021-01-26 00:13:43,-10.9089,-37.0386,80.6,69,40,12.66
308,Adrar,MR,2021-01-26 00:13:43,20.5022,-10.0711,67.26,21,41,9.08
309,Cidreira,BR,2021-01-26 00:12:09,-30.1811,-50.2056,76.41,84,47,9.93
310,Kautokeino,NO,2021-01-26 00:13:44,69.0125,23.0412,-8.25,90,23,4.47
311,Vostok,RU,2021-01-26 00:13:44,46.4856,135.8833,12.76,95,100,5.44
312,Fare,PF,2021-01-26 00:11:45,-16.7,-151.0167,81.1,76,67,17.96
313,Aleksandrovskiy Zavod,RU,2021-01-26 00:13:44,50.9237,117.9374,-13.58,85,100,9.24
314,Pangody,RU,2021-01-26 00:13:44,65.85,74.4859,-23.66,86,100,18.72
315,La Palma,US,2021-01-26 00:13:45,33.8464,-118.0467,55.0,50,20,26.46
316,Tahoua,NE,2021-01-26 00:13:45,14.8888,5.2692,66.96,19,33,11.61
317,Meadow Lake,US,2021-01-26 00:13:45,34.8014,-106.5436,41.0,48,75,10.36
318,Chokwe,MZ,2021-01-26 00:13:45,-24.5333,32.9833,73.67,96,100,5.26
319,Esperance,AU,2021-01-26 00:11:59,-33.8667,121.9,62.6,77,75,5.75
320,Kahului,US,2021-01-26 00:13:45,20.8947,-156.47,80.6,57,40,18.41
321,Cururupu,BR,2021-01-26 00:13:45,-1.8283,-44.8683,75.34,94,100,3.15
322,Isangel,VU,2021-01-26 00:13:46,-19.55,169.2667,82.4,83,90,9.22
323,Arraial Do Cabo,BR,2021-01-26 00:13:46,-22.9661,-42.0278,76.57,84,49,24.7
324,Kapoeta,SS,2021-01-26 00:13:46,4.7717,33.5903,78.78,43,2,6.64
325,Wanning,CN,2021-01-26 00:13:46,18.8003,110.3967,70.0,87,92,7.47
326,Orbetello,IT,2021-01-26 00:13:46,42.4408,11.2196,48.2,81,75,4.61
327,Jacqueville,CI,2021-01-26 00:13:46,5.2052,-4.4146,80.6,94,0,5.75
328,Muscle Shoals,US,2021-01-26 00:12:54,34.7448,-87.6675,66.2,82,40,5.75
329,Lokosovo,RU,2021-01-26 00:13:47,61.1333,74.8167,-26.43,85,100,12.55
330,Dourbali,TD,2021-01-26 00:10:11,11.8091,15.8632,73.11,20,64,11.16
331,Pompeu,BR,2021-01-26 00:13:47,-19.2244,-44.9353,68.79,85,36,2.98
332,Mosquera,CO,2021-01-26 00:12:53,4.7059,-74.2302,59.0,58,20,4.61
333,Pervomayskoye,RU,2021-01-26 00:13:47,43.919,46.7102,40.05,91,7,11.92
334,Alamos,MX,2021-01-26 00:13:47,27.0167,-108.9333,63.0,63,0,4.0
335,Kalangala,UG,2021-01-26 00:13:48,-0.3089,32.225,73.11,72,96,8.01
336,Tommot,RU,2021-01-26 00:13:48,58.9564,126.2925,-36.81,77,87,2.86
337,Iwanai,JP,2021-01-26 00:13:48,42.9744,140.5089,27.63,95,63,5.37
338,Bandundu,CD,2021-01-26 00:13:48,-3.3167,17.3667,71.94,92,96,2.17
339,Anchorage,US,2021-01-26 00:10:41,61.2181,-149.9003,21.99,86,90,5.75
340,Sao Felix Do Xingu,BR,2021-01-26 00:13:48,-6.6447,-51.995,72.63,93,67,1.03
341,Zhigansk,RU,2021-01-26 00:13:48,66.7697,123.3711,-56.11,63,58,2.86
342,Moundou,TD,2021-01-26 00:13:49,8.5667,16.0833,73.65,21,84,4.56
343,Kapuskasing,CA,2021-01-26 00:13:49,49.4169,-82.4331,6.8,85,96,5.75
344,Qinzhou,CN,2021-01-26 00:13:49,21.95,108.6167,63.12,69,99,6.82
345,Namibe,AO,2021-01-26 00:13:49,-15.1961,12.1522,75.34,76,14,5.64
346,Bhagalpur,IN,2021-01-26 00:12:36,25.25,87.0,49.66,61,0,3.98
347,Sinnamary,GF,2021-01-26 00:13:49,5.3833,-52.95,77.14,86,61,11.25
348,Nanma,CN,2021-01-26 00:13:49,36.1817,118.1583,33.48,89,63,4.23
349,Mayo,US,2021-01-26 00:12:40,38.8876,-76.5119,36.0,55,90,4.61
350,Esik,KZ,2021-01-26 00:13:50,43.3552,77.4525,10.4,92,40,4.47
351,Sterling,US,2021-01-26 00:10:59,39.0062,-77.4286,34.0,80,90,4.41
352,Havelock,US,2021-01-26 00:12:10,34.8791,-76.9013,48.99,95,100,3.0
353,Kathu,TH,2021-01-26 00:13:50,7.9178,98.3332,84.0,94,20,1.14
354,Pevek,RU,2021-01-26 00:13:50,69.7008,170.3133,-27.63,86,98,5.57
355,Waihi Beach,NZ,2021-01-26 00:13:50,-37.4,175.9333,84.99,52,13,8.99
356,Casablanca,MA,2021-01-26 00:13:50,33.5928,-7.6192,59.0,100,0,4.61
357,Volksrust,ZA,2021-01-26 00:13:51,-27.3654,29.8818,56.26,97,97,4.12
358,Avera,US,2021-01-26 00:13:51,33.194,-82.5271,68.0,83,1,5.75
359,Karasburg,NA,2021-01-26 00:13:51,-28.0167,18.75,73.17,33,94,10.69
360,Shamgarh,IN,2021-01-26 00:13:51,24.1833,75.6333,49.69,47,0,6.71
361,Lipin Bor,RU,2021-01-26 00:13:51,60.2622,37.9763,33.49,97,100,9.48
362,Igbon,PH,2021-01-26 00:13:51,11.2142,123.1655,77.09,81,58,12.95
363,Caibarien,CU,2021-01-26 00:13:51,22.5206,-79.4669,71.6,83,20,5.75
364,Grand Gaube,MU,2021-01-26 00:13:52,-20.0064,57.6608,75.0,82,22,3.0
365,Panubigan,PH,2021-01-26 00:13:52,7.4281,123.3466,79.21,81,72,8.1
366,Dukat,RU,2021-01-26 00:13:52,62.55,155.55,-33.99,81,100,6.62
367,Launceston,AU,2021-01-26 00:13:52,-41.45,147.1667,73.0,68,75,3.44
368,Macaubas,BR,2021-01-26 00:13:52,-13.0194,-42.6986,71.85,73,74,6.24
369,Dondo,MZ,2021-01-26 00:13:52,-19.6094,34.7431,77.0,88,40,2.15
370,Bundaberg,AU,2021-01-26 00:13:53,-24.85,152.35,84.2,51,40,8.05
371,Sisimiut,GL,2021-01-26 00:13:53,66.9395,-53.6735,11.61,94,98,2.66
372,Port Macquarie,AU,2021-01-26 00:13:53,-31.4333,152.9167,89.01,50,3,1.01
373,Rivadavia,AR,2021-01-26 00:13:53,-33.1905,-68.4608,86.0,37,40,6.91
374,Eirunepe,BR,2021-01-26 00:12:51,-6.6603,-69.8736,76.69,78,72,2.3
375,Biak,ID,2021-01-26 00:13:19,-0.9131,122.8766,74.46,87,100,5.08
376,Bandarbeyla,SO,2021-01-26 00:13:53,9.4942,50.8122,73.11,70,77,20.11
377,Muros,ES,2021-01-26 00:13:54,42.7762,-9.0603,57.0,94,100,5.01
378,Goure,NE,2021-01-26 00:13:54,13.9835,10.2704,72.0,10,92,8.99
379,Provideniya,RU,2021-01-26 00:13:54,64.3833,-173.3,3.2,72,90,20.13
380,Lorengau,PG,2021-01-26 00:13:54,-2.0226,147.2712,85.14,63,87,7.43
381,San Vicente,AR,2021-01-26 00:13:54,-26.6167,-54.1333,67.78,100,97,2.48
382,Makhinjauri,GE,2021-01-26 00:13:54,41.6739,41.694,51.8,37,0,20.71
383,Vagur,FO,2021-01-26 00:13:54,61.4732,-6.8119,36.52,74,30,11.9
384,Cairns,AU,2021-01-26 00:12:01,-16.9167,145.7667,84.2,65,56,2.3
385,Maceio,BR,2021-01-26 00:13:55,-9.6658,-35.7353,77.0,83,75,12.66
386,Port Blair,IN,2021-01-26 00:12:12,11.6667,92.75,73.17,81,72,8.37
387,Ak-Dovurak,RU,2021-01-26 00:12:10,51.1833,90.6,-10.66,80,100,0.49
388,Soeng Sang,TH,2021-01-26 00:13:55,14.4264,102.4606,75.99,100,4,5.75
389,Ancud,CL,2021-01-26 00:13:56,-41.8697,-73.8203,57.2,47,0,9.22
390,Pouebo,NC,2021-01-26 00:13:56,-20.4,164.5667,79.32,75,97,16.31
391,Oistins,BB,2021-01-26 00:13:56,13.0667,-59.5333,77.0,73,20,16.11
392,Norrtalje,SE,2021-01-26 00:13:56,59.758,18.705,28.99,86,90,8.05
393,Altar,MX,2021-01-26 00:13:56,30.7,-111.8167,54.0,60,95,11.01
394,Horsham,GB,2021-01-26 00:13:56,51.064,-0.3272,36.0,80,0,3.44
395,Berlevag,NO,2021-01-26 00:13:56,70.8578,29.0864,26.6,93,75,28.77
396,Swedru,GH,2021-01-26 00:13:56,5.5371,-0.6998,75.81,86,8,3.29
397,Shakhta,RU,2021-01-26 00:13:57,59.0927,57.653,33.01,100,100,10.85
398,Dakar,SN,2021-01-26 00:13:46,14.6937,-17.4441,66.2,77,0,11.5
399,Quelimane,MZ,2021-01-26 00:13:57,-17.8786,36.8883,77.0,88,20,3.44
400,Okato,NZ,2021-01-26 00:13:57,-39.2,173.8833,73.99,81,13,5.01
401,Kaeo,NZ,2021-01-26 00:13:57,-35.1,173.7833,84.0,54,3,4.0
402,Matay,EG,2021-01-26 00:13:57,28.419,30.7792,50.52,58,0,7.81
403,Mount Gambier,AU,2021-01-26 00:12:27,-37.8333,140.7667,62.6,77,40,12.66
404,Vorukh,TJ,2021-01-26 00:13:58,39.8494,70.5838,26.13,69,47,4.97
405,Oranjemund,NA,2021-01-26 00:13:58,-28.55,16.4333,63.23,92,31,7.43
406,Mount Isa,AU,2021-01-26 00:12:42,-20.7333,139.5,89.6,43,89,2.3
407,Kavaratti,IN,2021-01-26 00:13:58,10.5669,72.642,80.64,74,5,11.23
408,Saint-Michel-Des-Saints,CA,2021-01-26 00:13:58,46.6834,-73.9159,7.0,95,85,3.0
409,Vila Franca Do Campo,PT,2021-01-26 00:13:58,37.7167,-25.4333,63.0,94,75,13.8
410,Sabang,ID,2021-01-26 00:13:58,5.8933,95.3214,81.46,77,92,16.24
411,Diffa,NE,2021-01-26 00:12:31,13.3154,12.6113,67.69,23,85,9.98
412,Ambulu,ID,2021-01-26 00:13:59,-8.345,113.6058,78.53,76,95,2.66
413,Dargaville,NZ,2021-01-26 00:13:59,-35.9333,173.8833,73.0,69,89,7.11
414,Navolato,MX,2021-01-26 00:13:59,24.7672,-107.6944,71.6,26,1,9.22
415,Waddan,LY,2021-01-26 00:13:59,29.1614,16.139,59.65,37,82,4.92
416,Kolondieba,ML,2021-01-26 00:13:59,11.0882,-6.8926,70.41,21,5,3.24
417,Yulin,CN,2021-01-26 00:13:59,22.6333,110.15,62.58,73,94,4.65
418,Ratnagiri,IN,2021-01-26 00:13:59,16.9833,73.3,72.86,57,54,5.99
419,Saldanha,ZA,2021-01-26 00:14:00,-33.0117,17.9442,62.6,88,0,11.5
420,Rokytne,UA,2021-01-26 00:14:00,51.2796,27.214,34.79,98,100,5.97
421,Dakoro,NE,2021-01-26 00:14:00,14.5106,6.765,64.29,21,20,11.12
422,Kaitangata,NZ,2021-01-26 00:14:00,-46.2817,169.8464,77.07,43,100,15.61
423,Sarkand,KZ,2021-01-26 00:14:00,45.41,79.9186,14.09,83,100,1.66
424,Tutoia,BR,2021-01-26 00:14:00,-2.7619,-42.2744,79.43,87,99,10.71
425,Gourcy,BF,2021-01-26 00:14:01,13.2167,-2.35,71.24,19,23,10.27
426,Lohardaga,IN,2021-01-26 00:14:01,23.4333,84.6833,53.6,82,0,2.13
427,Bom Jesus Da Lapa,BR,2021-01-26 00:14:01,-13.255,-43.4181,76.21,67,59,8.59
428,Shadrinsk,RU,2021-01-26 00:14:01,56.0852,63.6335,24.04,96,85,11.7
429,Taltal,CL,2021-01-26 00:11:56,-25.4,-70.4833,66.43,71,29,5.35
430,Vung Tau,VN,2021-01-26 00:14:01,10.346,107.0843,74.71,81,63,8.68
431,Zhangdian,CN,2021-01-26 00:14:02,34.2,119.3,43.14,93,100,10.65
432,Naze,JP,2021-01-26 00:14:02,28.3667,129.4833,66.2,82,75,9.22
433,Butterworth,MY,2021-01-26 00:14:02,5.3991,100.3638,78.8,88,20,5.68
434,Rawson,AR,2021-01-26 00:14:02,-43.3002,-65.1023,68.36,52,0,20.29
435,Ornskoldsvik,SE,2021-01-26 00:14:02,63.2909,18.7153,17.6,100,90,4.61
436,Opuwo,NA,2021-01-26 00:14:02,-18.0607,13.84,67.12,77,59,4.45
437,Teya,RU,2021-01-26 00:14:02,60.3778,92.6267,-45.06,74,46,0.34
438,Kendari,ID,2021-01-26 00:14:03,-3.945,122.4989,77.14,88,100,1.1
439,Manica,FR,2021-01-26 00:14:03,49.0,-1.1667,33.8,80,0,10.36
440,Saltillo,MX,2021-01-26 00:11:27,25.4167,-101.0,80.6,26,75,17.27
441,Pervomayskiy,RU,2021-01-26 00:14:03,53.2485,40.2871,30.99,88,100,14.54
442,Khandyga,RU,2021-01-26 00:14:03,62.6667,135.6,-54.65,60,0,1.45
443,Smithers,CA,2021-01-26 00:13:28,54.7804,-127.1743,21.2,86,90,0.85
444,San Diego De La Union,MX,2021-01-26 00:14:03,21.4667,-100.8667,71.01,20,0,5.01
445,Krasnoselkup,RU,2021-01-26 00:14:04,65.7,82.4667,-35.45,81,100,11.14
446,Jaisalmer,IN,2021-01-26 00:14:04,26.9147,70.9181,51.1,36,0,7.14
447,Jiexiu,CN,2021-01-26 00:14:04,37.0244,111.9125,31.37,69,0,5.32
448,Pueblo,US,2021-01-26 00:11:12,38.2545,-104.6091,30.99,74,90,8.05
449,Mahroni,IN,2021-01-26 00:14:04,24.5862,78.7288,46.38,58,0,3.44
450,Nome,US,2021-01-26 00:14:05,64.5011,-165.4064,-0.4,92,1,4.61
451,Sungaipenuh,ID,2021-01-26 00:14:05,-2.0833,101.3833,62.92,97,100,0.45
452,Kindu,CD,2021-01-26 00:14:05,-2.95,25.95,68.74,95,96,1.52
453,Katsuura,JP,2021-01-26 00:12:19,35.1333,140.3,50.0,70,75,10.36
454,Uinskoye,RU,2021-01-26 00:14:05,56.8817,56.5813,24.67,97,97,9.44
455,Saint-Georges,GD,2021-01-26 00:14:05,12.0564,-61.7485,78.8,78,20,14.97
456,Northam,GB,2021-01-26 00:14:05,51.0333,-4.2167,41.0,79,53,1.99
457,Inuvik,CA,2021-01-26 00:12:46,68.3499,-133.7218,-7.6,77,92,3.44
458,San Policarpo,PH,2021-01-26 00:14:06,12.1791,125.5072,80.33,72,99,7.92
459,Karratha,AU,2021-01-26 00:14:06,-20.7377,116.8463,88.02,28,100,14.5
460,Harper,LR,2021-01-26 00:14:06,4.375,-7.7169,77.97,86,0,7.63
461,Zhuanghe,CN,2021-01-26 00:14:06,39.7008,122.9911,37.99,84,100,5.12
462,Xinmin,CN,2021-01-26 00:14:06,41.9908,122.8253,24.8,93,90,2.24
463,Lipnita,RO,2021-01-26 00:14:06,44.1,27.6,39.0,54,75,3.0
464,Port Keats,AU,2021-01-26 00:14:06,-14.25,129.55,76.87,93,100,16.2
465,Cabo San Lucas,MX,2021-01-26 00:14:07,22.8909,-109.9124,68.0,59,20,18.41
466,Silver City,US,2021-01-26 00:14:07,32.7701,-108.2803,39.2,56,75,18.41
467,Chililabombwe,ZM,2021-01-26 00:10:16,-12.3648,27.8229,61.81,99,100,3.36
468,Winnemucca,US,2021-01-26 00:14:07,40.973,-117.7357,32.0,74,90,9.22
469,Luena,AO,2021-01-26 00:13:10,-11.7833,19.9167,62.8,97,99,4.68
470,Kita,ML,2021-01-26 00:14:07,13.0349,-9.4895,69.87,19,0,4.88
471,Haines Junction,CA,2021-01-26 00:13:49,60.7522,-137.5108,6.8,85,99,0.56
472,Kismayo,SO,2021-01-26 00:14:07,-0.3582,42.5454,76.08,80,23,14.65
473,Chiang Khong,TH,2021-01-26 00:14:08,20.2613,100.4046,57.2,100,0,3.44
474,Lixourion,GR,2021-01-26 00:11:53,38.2019,20.4314,55.92,71,77,15.77
475,Mugla,TR,2021-01-26 00:14:08,37.2303,28.3557,60.8,94,75,2.3
476,Surab,PK,2021-01-26 00:14:08,28.4914,66.2585,32.99,48,0,6.31
477,Vernon,CA,2021-01-26 00:14:08,50.2581,-119.2691,30.99,80,100,1.43
478,Puerto Madryn,AR,2021-01-26 00:14:08,-42.7692,-65.0385,73.65,34,12,13.62
479,Kiruna,SE,2021-01-26 00:14:09,67.8557,20.2251,-11.2,77,45,3.44
480,Kiama,AU,2021-01-26 00:14:09,-34.6833,150.8667,93.0,51,15,4.0
481,Clearlake,US,2021-01-26 00:14:09,38.9582,-122.6264,46.99,59,14,5.99
482,Sidi Ali,DZ,2021-01-26 00:14:09,36.0998,0.4206,56.75,94,91,21.21
483,Lukovetskiy,RU,2021-01-26 00:14:09,64.2956,41.9211,35.6,93,90,4.47
484,Yashkul,RU,2021-01-26 00:14:09,46.1711,45.3435,38.68,83,100,13.8
485,Kodinsk,RU,2021-01-26 00:14:09,58.6881,99.1844,-39.73,79,43,2.04
486,General Roca,AR,2021-01-26 00:14:10,-39.0333,-67.5833,84.2,23,0,9.22
487,Visnes,NO,2021-01-26 00:14:10,59.3556,5.2242,30.99,86,90,10.36
488,Whitehorse,CA,2021-01-26 00:14:10,60.7161,-135.0538,14.0,92,90,2.3
489,Santa Quiteria,BR,2021-01-26 00:14:10,-4.3319,-40.1567,79.14,71,100,3.83
490,Canutama,BR,2021-01-26 00:14:10,-6.5339,-64.3831,78.67,77,57,0.81
491,Abha,SA,2021-01-26 00:14:10,18.2164,42.5053,55.4,62,0,4.61
492,Xacmaz,AZ,2021-01-26 00:14:11,41.4635,48.806,37.69,74,20,2.48
493,Biltine,TD,2021-01-26 00:14:11,14.5333,20.9167,71.31,19,57,15.26
494,Hay River,CA,2021-01-26 00:14:11,60.8156,-115.7999,-18.4,69,75,5.75
495,East Stroudsburg,US,2021-01-26 00:11:28,40.9995,-75.1813,30.99,47,100,2.95
496,Cap-Aux-Meules,CA,2021-01-26 00:14:11,47.3821,-61.8597,32.0,100,100,19.57
497,Solnechnyy,RU,2021-01-26 00:14:11,50.7214,136.6319,-4.45,82,100,2.89
498,Lagos,NG,2021-01-26 00:14:11,6.5833,3.75,77.74,81,37,2.73
499,Villa Union,MX,2021-01-26 00:14:11,23.2,-106.2333,71.6,49,20,10.36
500,Gamba,GA,2021-01-26 00:14:12,-2.65,10.0,78.4,88,98,4.7
501,Saint-Pierre,RE,2021-01-26 00:14:12,-21.3393,55.4781,77.0,73,0,6.91
502,Tautira,PF,2021-01-26 00:14:12,-17.7333,-149.15,87.8,62,40,6.91
503,Fukue,JP,2021-01-26 00:14:12,32.6881,128.8419,59.0,88,75,12.66
504,Kabwe,ZM,2021-01-26 00:14:12,-14.4469,28.4464,62.13,98,100,3.85
505,Tura,IN,2021-01-26 00:11:49,25.5198,90.2201,55.76,61,0,2.66
506,Itarema,BR,2021-01-26 00:14:12,-2.9248,-39.9167,79.84,81,82,11.48
507,Deer Lake,CA,2021-01-26 00:14:12,49.1667,-57.4316,30.0,86,90,2.3
508,Guru Har Sahai,IN,2021-01-26 00:14:13,30.7167,74.4167,44.24,58,0,1.34
509,Lima,PE,2021-01-26 00:10:06,-12.0432,-77.0282,73.4,73,0,11.5
510,Kushima,JP,2021-01-26 00:12:45,31.4583,131.2333,53.6,100,75,6.91
511,Ishigaki,JP,2021-01-26 00:14:13,24.3448,124.1572,60.8,88,20,3.44
512,Santa Lucia,ES,2021-01-26 00:14:13,27.9117,-15.5407,64.4,72,75,16.11
513,Tupik,RU,2021-01-26 00:14:13,54.4253,119.9327,-12.75,87,100,9.35
514,Muroto,JP,2021-01-26 00:14:13,33.2833,134.15,48.2,87,75,11.5
515,Hambantota,LK,2021-01-26 00:14:14,6.1241,81.1185,72.07,76,96,16.46
516,Milton Keynes,GB,2021-01-26 00:13:12,52.0417,-0.7558,33.01,92,21,3.0
517,Bathsheba,BB,2021-01-26 00:11:57,13.2167,-59.5167,77.0,73,20,16.11
518,Palizada,MX,2021-01-26 00:14:14,18.25,-92.0833,82.4,69,1,11.5
519,Hovd,MN,2021-01-26 00:14:14,48.0056,91.6419,-1.62,63,100,0.54
520,Gondanglegi,ID,2021-01-26 00:14:14,-7.7479,112.0132,78.35,75,96,2.37
521,Tazovskiy,RU,2021-01-26 00:14:14,67.4667,78.7,-27.51,84,100,18.75
522,Guanambi,BR,2021-01-26 00:14:15,-14.2233,-42.7814,76.69,59,67,9.26
523,Bandarban,BD,2021-01-26 00:14:15,22.1965,92.2262,54.52,62,2,2.44
524,Sulangan,PH,2021-01-26 00:14:15,11.1373,123.7228,78.15,75,8,10.13
525,Arrifes,PT,2021-01-26 00:14:15,37.7667,-25.7,63.0,94,75,13.8
526,Kruisfontein,ZA,2021-01-26 00:12:24,-34.0033,24.7314,63.0,89,0,1.01
527,Thinadhoo,MV,2021-01-26 00:14:15,0.5333,72.9333,81.9,75,100,12.15
528,Pitimbu,BR,2021-01-26 00:14:15,-7.4706,-34.8086,78.8,78,20,9.22
529,Divnomorskoye,RU,2021-01-26 00:14:16,44.5011,38.1353,51.4,77,99,15.9
530,Alekseyevsk,RU,2021-01-26 00:14:16,57.8406,108.3492,-20.07,85,100,3.33
531,Bengkulu,ID,2021-01-26 00:14:16,-3.8004,102.2655,73.11,93,100,7.02
532,Margate,GB,2021-01-26 00:14:16,51.3813,1.3862,36.0,73,22,3.0
533,Soe,ID,2021-01-26 00:11:51,-9.8607,124.284,69.93,94,100,5.57
534,Bow Island,CA,2021-01-26 00:14:16,49.8668,-111.3684,10.4,72,33,6.91
535,Sayat,TM,2021-01-26 00:14:16,38.7839,63.8803,23.0,93,0,6.91
536,Manono,CD,2021-01-26 00:14:16,-7.3,27.4167,65.88,95,100,1.03
537,Tarrega,ES,2021-01-26 00:14:17,41.647,1.1396,48.99,88,47,5.01
538,Acarau,BR,2021-01-26 00:14:17,-2.8856,-40.12,80.08,81,82,13.22
539,Jalingo,NG,2021-01-26 00:14:17,8.8833,11.3667,75.07,20,2,4.29
540,Chumikan,RU,2021-01-26 00:14:17,54.7183,135.315,-16.06,82,88,2.75
541,Darlington,GB,2021-01-26 00:09:55,54.5243,-1.5504,32.0,81,38,5.32
542,Puerto Escondido,MX,2021-01-26 00:14:17,15.85,-97.0667,82.4,74,20,5.75
543,Morondava,MG,2021-01-26 00:13:22,-20.2833,44.2833,81.21,83,52,4.05
544,Huarmey,PE,2021-01-26 00:14:18,-10.0681,-78.1522,72.95,72,97,7.29
545,San Giovanni Rotondo,IT,2021-01-26 00:14:18,41.7049,15.7191,46.4,81,75,14.97
546,Niamey,NE,2021-01-26 00:14:18,13.5137,2.1098,72.7,16,74,8.93
547,Brejinho,BR,2021-01-26 00:14:18,-6.1908,-35.3567,78.8,83,20,10.36
548,Gravina In Puglia,IT,2021-01-26 00:14:18,40.8197,16.4228,46.99,89,100,11.99
549,Mackay,AU,2021-01-26 00:09:20,-21.15,149.2,84.0,83,40,6.91
550,Hirara,JP,2021-01-26 00:14:18,24.8,125.2833,66.2,82,40,2.3
551,Aksu,CN,2021-01-26 00:14:19,41.1231,80.2644,16.68,89,5,3.94
552,Muriwai Beach,NZ,2021-01-26 00:12:45,-36.8167,174.45,73.0,76,86,9.89
553,Mabaruma,GY,2021-01-26 00:14:19,8.2,-59.7833,73.69,91,44,4.68
554,Mahibadhoo,MV,2021-01-26 00:14:19,3.7833,72.9667,81.18,78,93,16.15
555,Half Moon Bay,US,2021-01-26 00:14:19,37.4636,-122.4286,52.0,66,75,21.85
556,Mandalgovi,MN,2021-01-26 00:14:19,45.7625,106.2708,-4.5,81,96,7.11
557,Alugan,PH,2021-01-26 00:14:19,12.2188,125.4808,80.13,72,99,7.63
558,Tucurui,BR,2021-01-26 00:14:20,-3.7661,-49.6725,75.04,94,99,5.59
559,Lashio,MM,2021-01-26 00:14:20,22.9333,97.75,48.06,91,0,1.3
560,Mpanda,TZ,2021-01-26 00:14:20,-6.3655,31.0409,64.42,92,100,2.71
